index,ID,Attempt Number,Time taken,10,0.87,0.87,0.43,0.43,0.43,0.43,0.87,0.43,1.74,0.43,0.87,2.17
1,1819682,1,13 mins 55 secs,5.26,0.7,0.22,0.43,0,0,0,0.65,0,1.3,0.43,0.65,0.87
2,6212665,1,3 hours 2 mins,6.41,0,0.43,0.43,0.11,0.43,0,0.87,0.43,1.09,0,0.87,1.74
3,2818679,1,1 hour 53 mins,7.65,0.7,0.87,0.43,0.43,0,0.43,0.87,0.43,1.3,0,0.43,1.74
4,2216669,1,24 mins 38 secs,4,0.52,0.22,0.43,0,0.43,0.43,0.87,0.43,0.65,0,0,0
5,3320673,1,10 mins 23 secs,6.83,0.52,0.43,0.43,0,0.43,0.43,0.65,0.43,1.3,0,0.87,1.3
6,3406673,1,19 mins 56 secs,7.37,0.52,0.43,0.43,0.11,0.43,0.43,0.65,0.43,1.3,0,0.87,1.74
7,2318682,1,9 days 15 hours,7.09,0.35,0.43,0.43,0,0.43,0.43,0.87,0.43,1.3,0,0.65,1.74
8,2431665,1,26 days 20 hours,5.52,0.52,0.43,0.43,0,0,0,0.87,0,0.43,0.43,0.65,1.74
9,2281465,1,10 mins 56 secs,8.74,0.7,0.43,0.43,0.43,0.43,0.43,0.87,0.43,1.74,0.43,0.65,1.74
10,2281465,2,4 mins 15 secs,10,0.87,0.87,0.43,0.43,0.43,0.43,0.87,0.43,1.74,0.43,0.87,2.17
11,2816679,1,44 mins 39 secs,7.52,0.35,0.87,0.43,0.43,0.43,0.43,0.87,0.43,1.74,0,0.65,0.87
12,2815685,1,15 mins 55 secs,7,0.7,0.43,0.43,0.43,0.43,0.43,0.87,0.43,0.87,0,0.65,1.3
13,2114672,1,28 days 21 hours,6.52,0.87,0.43,0.43,0,0.43,0.43,0.87,0.43,0.87,0,0.87,0.87
14,2218682,1,25 days 18 hours,4.78,0,0.43,0.43,0,0.43,0.43,0.87,0,0.87,0,0,1.3
15,1001682,1,12 mins 26 secs,7.26,0.52,0.87,0.43,0,0.43,0.43,0.87,0.43,0.43,0,0.65,2.17
16,1001682,2,6 mins 49 secs,8.96,0.7,0.87,0.43,0.43,0.43,0.43,0.65,0.43,1.74,0.43,0.65,1.74
17,2804676,1,16 mins 32 secs,7.78,0.17,0.43,0.43,0.43,0.43,0.43,0.65,0.43,1.74,0,0.87,1.74
18,2382967,1,20 mins 2 secs,2.43,0.7,0.43,0,0,0,0.43,0,0,0.43,0,0.43,0
19,1401679,1,4 days 21 hours,7.37,0.52,0.43,0.43,0.33,0.43,0.43,0.87,0.43,0.87,0,0.43,2.17
20,1819682,2,18 mins 38 secs,5.43,0.87,0.43,0.43,0,0,0,0.87,0.43,1.3,0.43,0.65,0
21,2810689,1,11 mins 27 secs,8,0.17,0.87,0.43,0,0.43,0.43,0.65,0.43,1.74,0.43,0.65,1.74
22,2303686,1,2 days 2 hours,9.04,0.35,0.87,0.43,0.43,0.43,0.43,0.87,0.43,1.74,0,0.87,2.17
23,1009669,3,27 mins 12 secs,7.83,0.87,0.87,0.43,0,0.43,0,0.65,0.43,1.74,0.43,0.65,1.3
24,3202673,1,10 mins 39 secs,6.65,0.35,0.43,0.43,0,0.43,0,0.87,0.43,1.74,0.43,0.65,0.87
25,2021673,1,13 mins 57 secs,8.13,0.52,0.87,0.43,0.43,0.43,0.43,0.87,0,1.74,0.43,0.65,1.3
26,2301672,1,26 mins 59 secs,4.26,0.35,0,0.43,0.43,0,0.43,0.87,0.43,1.3,0,0,0
27,2301672,2,9 mins 9 secs,9,0.52,0.87,0.43,0.43,0.43,0.43,0.87,0.43,1.3,0.43,0.65,2.17
28,1406679,1,17 mins 20 secs,3.91,0,0.43,0.43,0,0,0,0,0,0.87,0,0.43,1.74
29,2110679,1,23 mins 34 secs,7.3,0.35,0.87,0.43,0.43,0.43,0,0.87,0.43,1.74,0.43,0,1.3
30,2313065,1,25 mins 44 secs,6.78,0.7,0.43,0.43,0.43,0.43,0.43,0.87,0.43,0.43,0,0.87,1.3
31,2321365,1,20 mins 48 secs,7.7,0.52,0.87,0.43,0.43,0.43,0.43,0.65,0.43,0.87,0.43,0.43,1.74
32,2021673,2,17 mins 57 secs,9.65,0.52,0.87,0.43,0.43,0.43,0.43,0.87,0.43,1.74,0.43,0.87,2.17
33,2718673,1,32 mins 23 secs,7.04,0.52,0.43,0.43,0,0,0.43,0.87,0.43,1.74,0,0.43,1.74
34,2718674,1,32 mins 39 secs,9.35,0.87,0.87,0.43,0.43,0.43,0.43,0.87,0.43,1.74,0.43,0.65,1.74
35,2721669,1,21 mins 45 secs,7.65,0.7,0.43,0.43,0.43,0.43,0.43,0.87,0.43,0.87,0,0.87,1.74
36,2110669,1,35 mins 39 secs,7.65,0.7,0.87,0.43,0,0.43,0.43,0.87,0.43,0.87,0,0.43,2.17
37,2402507,1,16 hours 57 mins,6.61,0.52,0.43,0.43,0.43,0.43,0.43,0.87,0.43,0.87,0,0.43,1.3
38,2717687,1,31 mins 55 secs,7.09,0.35,0.87,0.43,0.43,0.43,0.43,0.22,0.43,1.09,0,0.65,1.74
39,2343365,1,40 mins 18 secs,9.83,0.7,0.87,0.43,0.43,0.43,0.43,0.87,0.43,1.74,0.43,0.87,2.17
40,2332665,1,13 mins 57 secs,2.52,0.35,0.43,0.43,0,0,0,0,0.43,0,0,0,0.87
41,1400685,1,19 mins 57 secs,1.98,0.35,0.43,0.43,0.33,0,0,0.43,0,0,0,0,0
42,2107670,1,7 mins 32 secs,2.13,0.17,0.43,0,0,0,0.43,0.22,0.43,0.43,0,0,0
43,2717685,1,9 days 1 hour,2.83,0,0,0.43,0,0,0,0.87,0.43,0.43,0,0.65,0
44,2341465,1,1 day 20 hours,5.65,0,0.22,0.43,0,0,0.43,0.65,0.43,1.3,0,0.87,1.3
45,9211865,1,24 mins 1 sec,6.87,0.35,0.87,0.43,0.43,0.43,0.43,0.87,0,1.3,0,0.43,1.3
46,1799678,1,30 mins 14 secs,8.3,0.7,0.43,0.43,0,0.43,0.43,0.87,0.43,1.74,0.43,0.65,1.74
47,1799678,2,7 mins 59 secs,10,0.87,0.87,0.43,0.43,0.43,0.43,0.87,0.43,1.74,0.43,0.87,2.17
48,2304679,1,15 mins 46 secs,5.65,0,0.43,0,0.43,0.43,0,0.43,0,1.74,0,0.43,1.74
49,2016685,1,31 mins 2 secs,7,0.7,0.43,0.43,0.43,0.43,0.43,0.65,0.43,0.87,0,0,2.17
50,1400669,1,18 mins 59 secs,6.22,0.35,0.43,0,0.43,0,0.43,0.22,0,1.74,0,0.87,1.74
51,1400669,2,9 mins 18 secs,8.96,0.7,0.87,0.43,0.43,0.43,0.43,0.43,0.43,1.3,0.43,0.87,2.17
52,2202685,1,12 mins 43 secs,4,0.52,0.43,0.43,0,0,0.43,0,0,0.43,0,0,1.74
53,2214669,1,16 mins 35 secs,8.35,0.52,0.43,0.43,0.22,0.43,0.43,0.87,0.43,1.74,0,0.65,2.17
54,2314679,1,24 mins 27 secs,6.61,0.52,0.43,0.43,0.43,0.43,0.43,0.87,0.43,0.43,0,0.43,1.74
55,2300669,1,20 days 8 hours,3.76,0.17,0,0,0.11,0,0.43,0.87,0.43,0.87,0,0,0.87
56,1401676,1,18 mins 8 secs,6.83,0.52,0.87,0.43,0,0.43,0.43,0.87,0,0.87,0.43,0.65,1.3
57,2292865,1,16 mins 19 secs,3,0.17,0.43,0.43,0,0,0,0,0,0.43,0,0.65,0.87
58,2292865,2,4 mins 31 secs,5.78,0.35,0.43,0.43,0,0.43,0.43,0.22,0.43,0.43,0.43,0.87,1.3
59,2341365,1,29 mins 42 secs,4.87,0.52,0.43,0.43,0,0.43,0.43,0.87,0.43,0.43,0,0.87,0
60,1321673,1,16 days 21 hours,2.2,0.35,0,0.43,0.11,0,0,0,0,0,0,0,1.3
61,1400669,3,13 mins 2 secs,9,0.52,0.87,0.43,0.43,0.43,0.43,0.65,0.43,1.3,0.43,0.87,2.17
62,2700682,1,9 days 17 hours,5.78,0.35,0.43,0.43,0.43,0,0,0.22,0.43,1.3,0,0.43,1.74
63,2341465,2,11 mins 29 secs,8.22,0.17,0.43,0.43,0.43,0.43,0.43,0.87,0.43,1.09,0.43,0.87,2.17
64,2900682,1,26 mins 11 secs,6.22,0.35,0.43,0,0,0.43,0,0.87,0.43,1.74,0,0.65,1.3
65,2318685,1,17 days 1 hour,4.67,0,0.43,0.43,0.11,0.43,0.43,0.87,0,0.65,0,0,1.3
66,2343365,2,23 mins 27 secs,9.83,0.7,0.87,0.43,0.43,0.43,0.43,0.87,0.43,1.74,0.43,0.87,2.17
67,2341865,1,17 mins 4 secs,6.65,0.35,0.43,0.43,0.43,0.43,0.43,0.87,0.43,0.43,0.43,0.22,1.74
68,2341865,2,14 mins 42 secs,9.57,0.87,0.43,0.43,0.43,0.43,0.43,0.87,0.43,1.74,0.43,0.87,2.17
69,2200679,1,16 days 23 hours,5.48,0.7,0.43,0.43,0.43,0.43,0,0.43,0,1.74,0.43,0.43,0
70,2311673,2,58 mins 5 secs,4.7,0.35,0.43,0.43,0.43,0.43,0,0.43,0.43,1.74,0,0,0
71,2301682,1,30 mins 14 secs,4.83,0.7,0.87,0.43,0,0,0,0.22,0.43,0.87,0,0,1.3
72,2393365,1,16 days 11 hours,8.15,0.87,0.87,0.43,0.11,0,0,0.65,0.43,1.74,0,0.87,2.17
73,2281865,1,18 mins 54 secs,7.74,0.35,0.43,0.43,0,0,0.43,0.87,0,1.74,0.43,0.87,2.17
74,2306679,1,19 mins 44 secs,4.48,0.35,0.43,0.43,0,0.43,0,0.87,0,0.22,0,0.43,1.3
75,2321465,1,27 mins 49 secs,4.22,0.52,0.43,0.43,0,0.43,0,0,0.43,0.65,0,0,1.3
76,2342265,1,10 days 5 hours,7.65,0.7,0.43,0.43,0.43,0.43,0.43,0.87,0,1.3,0,0.87,1.74
77,2453065,1,20 mins 44 secs,4.57,0,0.43,0.43,0,0,0,0.65,0,0.87,0,0,2.17
78,2453065,2,9 mins 6 secs,8.52,0.7,0.87,0.43,0.43,0.43,0.43,0.87,0.43,1.3,0.43,0,2.17
79,2805673,1,22 mins 31 secs,6.65,0.35,0.87,0.43,0,0.43,0,0.87,0,1.3,0.43,0.65,1.3
80,2251265,1,11 mins 26 secs,5.13,0.35,0.87,0.43,0,0.43,0.43,0.87,0,0.43,0.43,0.43,0.43
81,2391265,1,10 mins 37 secs,6.43,0.35,0.87,0.43,0.43,0.43,0.43,0.87,0,0.87,0,0.87,0.87
82,2321465,2,18 mins 23 secs,5.37,0.7,0.43,0.43,0.11,0.43,0.43,0.65,0.43,0.22,0,0.22,1.3
83,2382967,2,11 days 3 hours,7.74,0.35,0.87,0.43,0.43,0,0.43,0.65,0.43,1.74,0,0.65,1.74
84,2343365,3,7 days 21 hours,10,0.87,0.87,0.43,0.43,0.43,0.43,0.87,0.43,1.74,0.43,0.87,2.17
85,2332665,2,30 mins 10 secs,3.76,0.17,0.43,0.43,0.11,0.43,0,0,0.43,0.87,0,0,0.87
86,2108679,1,19 mins 21 secs,2.74,0.35,0.43,0,0,0,0,0.22,0,0.22,0,0.65,0.87
87,2311673,2,14 mins 32 secs,5.74,0.52,0.43,0.43,0.43,0.43,0,0.65,0.43,1.09,0,0,1.3
88,2305682,1,36 mins 35 secs,4.7,0.35,0.43,0.43,0,0.43,0,0.22,0,0.43,0,0.65,1.74
89,2305682,2,7 mins 7 secs,7.65,0.7,0.43,0.43,0.43,0.43,0.43,0.87,0.43,0.65,0.43,0.65,1.74
90,1819682,3,8 mins 41 secs,5,0.87,0.22,0.43,0,0.43,0,0.87,0.43,1.3,0.43,0,0
91,2317684,1,30 mins 57 secs,8.35,0.52,0.43,0.43,0,0.43,0.43,0.87,0.43,1.74,0.43,0.87,1.74
92,2304679,2,12 mins 11 secs,7.74,0.35,0.87,0.43,0.43,0.43,0,0.87,0.43,1.74,0,0.43,1.74
93,2021672,1,42 mins 4 secs,6.35,0.7,0.87,0.43,0.43,0,0.43,0.87,0.43,1.09,0,0.65,0.43
94,2111679,1,42 mins 10 secs,7.43,0.7,0.87,0.43,0.43,0,0.43,0.87,0.43,1.74,0.43,0.65,0.43
95,2321665,1,14 mins 42 secs,5.78,0.35,0.43,0.43,0.43,0,0,0.87,0.43,0.87,0,0.65,1.3
96,1014682,1,6 days 21 hours,3.04,0,0.43,0,0.22,0,0,0.65,0.43,0.22,0,0.22,0.87
97,2109673,1,31 mins 25 secs,4.61,0.7,0.87,0.43,0,0,0.43,0,0,0.87,0,0.43,0.87
98,2321465,3,35 mins 10 secs,8.48,0.87,0.87,0.43,0.43,0.43,0.43,0.87,0.43,1.3,0.43,0.65,1.3
99,1401682,1,40 mins 50 secs,7.61,0.87,0.87,0.43,0,0.43,0.43,0.87,0,1.3,0,0.65,1.74
100,1400669,4,12 mins 29 secs,9.83,0.7,0.87,0.43,0.43,0.43,0.43,0.87,0.43,1.74,0.43,0.87,2.17
101,2311673,3,8 mins 4 secs,7.65,0.7,0.87,0.43,0.43,0.43,0.43,0.87,0.43,1.74,0,0,1.3
102,9211865,2,31 mins 19 secs,7.74,0.35,0.87,0.43,0.43,0.43,0.43,0.87,0.43,1.3,0,0,2.17
103,9211865,3,12 mins 51 secs,8.35,0.52,0.87,0.43,0.43,0,0.43,0.87,0.43,1.74,0.43,0,2.17
104,2100669,1,30 mins 17 secs,1.48,0.17,0,0.43,0,0,0,0.22,0,0.43,0,0.22,0
105,2362965,1,5 days 9 hours,4.7,0.35,0,0.43,0,0.43,0,0.43,0.43,0,0.43,0.43,1.74
106,2381365,1,20 mins 2 secs,2.87,0.7,0.43,0.43,0,0,0.43,0,0,0.43,0.43,0,0
107,2100669,2,1 day 22 hours,4.52,0.17,0.43,0.43,0.43,0,0.43,0.22,0.43,0,0,0.65,1.3
108,3306685,1,18 mins 30 secs,3.96,0.7,0.43,0,0,0.43,0,0.65,0,0.43,0,0,1.3
109,2304679,3,24 mins 36 secs,10,0.87,0.87,0.43,0.43,0.43,0.43,0.87,0.43,1.74,0.43,0.87,2.17
110,2341365,2,14 mins 38 secs,5.26,0.7,0,0.43,0,0,0.43,0.87,0.43,0.43,0,0.65,1.3
111,2804676,2,1 hour 1 min,9.22,0.52,0.87,0.43,0,0.43,0.43,0.87,0.43,1.74,0.43,0.87,2.17
112,2332367,1,37 mins 13 secs,6.52,0.87,0,0.43,0,0,0.43,0.87,0,1.74,0,0.87,1.3
113,3212669,1,1 hour 7 mins,5.87,0,0.43,0.43,0.43,0,0.43,0.87,0.43,0.87,0,0.22,1.74
114,2332665,3,13 mins 50 secs,4.26,0.35,0.43,0.43,0.43,0,0,0.65,0.43,0.65,0.43,0,0.43
115,1416669,4,16 mins 6 secs,4.52,0.17,0.87,0.43,0,0.43,0,0.43,0,1.3,0,0,0.87
116,1416669,5,4 mins 17 secs,8.96,0.7,0.87,0.43,0.43,0.43,0.43,0.87,0.43,1.74,0.43,0.87,1.3
117,2302673,1,16 mins 7 secs,5.13,0.35,0.87,0.43,0,0.43,0,0.65,0,1.74,0,0.65,0
118,2302673,2,14 mins 42 secs,9.57,0.87,0.87,0.43,0.43,0.43,0.43,0.87,0.43,1.74,0.43,0.87,1.74
119,2308669,1,17 mins 48 secs,4.09,0.17,0.43,0.43,0,0.43,0,0.22,0,0.43,0,0.65,1.3
120,2341465,3,14 mins 1 sec,7.57,0.17,0.87,0.43,0.43,0,0.43,0.87,0.43,1.3,0,0.87,1.74
121,2251265,2,10 mins 47 secs,8.13,0.52,0.87,0.43,0.43,0,0.43,0.87,0.43,0.87,0.43,0.65,2.17
122,1400685,2,5 hours 38 mins,1.22,0.35,0.43,0,0,0,0,0,0,0.43,0,0,0
123,2014679,1,3 days 5 hours,5.09,0.52,0.43,0.43,0.22,0,0.43,0.87,0.43,0.87,0,0,0.87
124,2313065,2,22 mins 30 secs,8.04,0.87,0.87,0.43,0.43,0,0.43,0.87,0.43,0.65,0.43,0.87,1.74
125,1017684,1,26 mins 32 secs,7.26,0.52,0.87,0.43,0.43,0.43,0.43,0.87,0.43,0.43,0.43,0.65,1.3
126,2318682,2,22 mins 15 secs,6.78,0.7,0,0.43,0.43,0.43,0,0.65,0.43,1.3,0,0.65,1.74
127,2811669,1,30 mins 29 secs,3.78,0.52,0.43,0,0,0,0,0.22,0,1.3,0,0,1.3
128,2318682,3,64 days 16 hours,7,0.7,0.65,0.43,0.43,0.43,0,0.65,0.43,1.3,0,0.65,1.3
129,2381365,1,23 hours 9 mins,2.26,0.52,0.43,0.43,0.43,0.43,0,0,0,0,0,0,0
130,2108679,2,12 mins 41 secs,5.57,0.35,0.43,0.43,0.43,0,0,0.87,0,0.65,0.43,0.22,1.74
131,2381365,2,1 min 39 secs,2.78,0.17,0.87,0.43,0.43,0.43,0.43,0,0,0,0,0,0
132,9211865,4,10 mins 50 secs,7.74,0.35,0.87,0.43,0.43,0.43,0.43,0.87,0.43,1.74,0.43,0,1.3
133,9211865,5,8 mins 30 secs,0.87,0,0,0,0,0,0,0,0,0,0,0.87,0
134,2299676,1,2 hours 38 mins,4.57,0,0.43,0.43,0,0,0.43,0.87,0.43,0.22,0,0,1.74
135,2321465,4,10 mins 22 secs,8.48,0.87,0.87,0.43,0.43,0.43,0.43,0.87,0.43,1.3,0.43,0.65,1.3
136,2332367,2,36 mins 42 secs,7.26,0.52,0.43,0.43,0.43,0.43,0.43,0.65,0.43,0.87,0.43,0.87,1.3
137,2313683,1,40 mins 14 secs,6,0.35,0.87,0.43,0,0,0.43,0.87,0,0.87,0.43,0.43,1.3
138,1400669,5,11 mins 45 secs,10,0.87,0.87,0.43,0.43,0.43,0.43,0.87,0.43,1.74,0.43,0.87,2.17
139,2381365,3,3 mins 58 secs,3.13,0.52,0.87,0.43,0.43,0.43,0.43,0,0,0,0,0,0
140,2303686,2,13 hours 17 mins,9,0.52,0.87,0.43,0.43,0.43,0.43,0.87,0.43,1.74,0,0.65,2.17
141,2305682,3,29 mins 7 secs,8.96,0.7,0.87,0.43,0.43,0.43,0.43,0.87,0.43,0.87,0.43,0.87,2.17
142,2292865,3,24 mins 52 secs,4.87,0.52,0.22,0.43,0,0,0,0.87,0,0.87,0,0.65,1.3
143,2292865,4,9 mins 27 secs,8.28,0.35,0.87,0.43,0.11,0.43,0.43,0.87,0.43,1.3,0.43,0.87,1.74
144,2018672,1,16 mins 34 secs,3.78,0.52,0,0.43,0,0,0,0,0,1.3,0,0.22,1.3
145,2805673,2,39 mins 55 secs,8.13,0.52,0.87,0.43,0.43,0.43,0,0.87,0.43,1.74,0,0.65,1.74
146,2343365,4,15 mins 41 secs,10,0.87,0.87,0.43,0.43,0.43,0.43,0.87,0.43,1.74,0.43,0.87,2.17
147,9211865,6,10 mins 17 secs,9.83,0.7,0.87,0.43,0.43,0.43,0.43,0.87,0.43,1.74,0.43,0.87,2.17
148,2306679,2,17 mins 50 secs,5.78,0.35,0,0.43,0,0,0.43,0.87,0.43,1.3,0,0.65,1.3
149,2717687,2,44 mins 26 secs,6.65,0.35,0.87,0.43,0.43,0.43,0.43,0.65,0.43,0.43,0,0.87,1.3
150,2110679,2,14 mins 3 secs,9.39,0.7,0.87,0.43,0.43,0.43,0.43,0.87,0.43,1.74,0,0.87,2.17
151,1817689,1,36 mins 13 secs,4.78,0,0.87,0.43,0,0,0,0.43,0.43,0.65,0,0.22,1.74
152,1401685,1,22 mins 14 secs,2.35,0.17,0,0,0,0,0,0.22,0,0.87,0,0.22,0.87
153,2100669,3,52 mins 17 secs,4.48,0.35,0.43,0.43,0,0,0.43,0.43,0.43,0.87,0,0.65,0.43
154,2332367,3,19 mins 10 secs,10,0.87,0.87,0.43,0.43,0.43,0.43,0.87,0.43,1.74,0.43,0.87,2.17
155,2301682,2,16 mins 24 secs,6.13,0.7,0.87,0.43,0.43,0,0.43,0.43,0,1.09,0,0,1.74
156,6212665,2,47 mins 1 sec,5.17,0.17,0.43,0.43,0,0,0,0.65,0.43,0.43,0,0.43,2.17
157,1400685,3,1 hour 12 mins,4.5,0.7,0.43,0.43,0.11,0.43,0.43,0.43,0.43,0.43,0.43,0.22,0
158,2216669,2,18 mins 20 secs,7.83,0.87,0.43,0.43,0.43,0.43,0.43,0.87,0.43,1.3,0.43,0,1.74
159,1321673,2,2 hours 8 mins,3.13,0.52,0.43,0.43,0,0,0,0.87,0,0,0,0,0.87
160,2100669,4,14 mins 35 secs,6.91,0.17,0.43,0.43,0.43,0.43,0.43,0.87,0.43,0.22,0.43,0.87,1.74
161,2021672,2,1 hour 29 mins,6.96,0.87,0.87,0.43,0.43,0.43,0,0.87,0.43,1.09,0.43,0.22,0.87
162,3406673,2,9 mins 14 secs,7.91,0.52,0.87,0.43,0.43,0.43,0.43,0.87,0.43,1.74,0,0.87,0.87
163,2105679,1,51 mins 52 secs,5.46,0.35,0.43,0.43,0.11,0,0,0.65,0,1.3,0,0,2.17
164,2321665,2,29 mins 54 secs,9.65,0.52,0.87,0.43,0.43,0.43,0.43,0.87,0.43,1.74,0.43,0.87,2.17
165,6212665,3,19 mins 30 secs,8.09,0.7,0.87,0.43,0.43,0,0.43,0.87,0.43,0.65,0.43,0.65,2.17
166,3320673,2,12 mins 14 secs,8.13,0.52,0.43,0.43,0.43,0.43,0.43,0.65,0.43,1.3,0,0.87,2.17
167,6212665,4,28 mins 52 secs,6,0.35,0.22,0.43,0,0,0,0.87,0,1.3,0.43,0.65,1.74
168,1400669,6,25 mins 46 secs,9.57,0.87,0.87,0.43,0.43,0.43,0.43,0.87,0.43,1.74,0.43,0.87,1.74
169,1404673,1,49 mins 40 secs,4.43,0.52,0.43,0.43,0,0,0,0.65,0,0.43,0,0.22,1.74
170,6212665,5,20 mins 27 secs,9.13,0.87,0.87,0.43,0.43,0,0.43,0.87,0.43,1.3,0.43,0.87,2.17
171,2021672,3,11 mins 7 secs,7.61,0.87,0.87,0.43,0.43,0,0.43,0.87,0.43,0.43,0.43,0.65,1.74
172,1321673,3,27 mins 59 secs,6.24,0.7,0.43,0.43,0.11,0,0.43,0.87,0.43,0.65,0,0,2.17
173,2313065,3,24 mins 11 secs,9.13,0.87,0.87,0.43,0.43,0.43,0.43,0.87,0.43,0.87,0.43,0.87,2.17
174,1406679,2,17 mins 24 secs,3.17,0.35,0,0.43,0,0,0.43,0.43,0,0,0,0.65,0.87
175,6212665,6,22 mins 9 secs,9.57,0.87,0.87,0.43,0.43,0.43,0.43,0.87,0.43,1.74,0,0.87,2.17
176,2341365,3,13 mins 38 secs,8.74,0.7,0.43,0.43,0,0.43,0.43,0.87,0.43,1.74,0.43,0.65,2.17
177,1321673,4,3 hours 34 mins,7.83,0.87,0.87,0.43,0.43,0.43,0.43,0.87,0.43,0.65,0.43,0.22,1.74
178,2381365,4,20 mins 13 secs,6.61,0.52,0.87,0.43,0.43,0.43,0.43,0.87,0.43,0.65,0,0.65,0.87
179,3306685,2,16 mins 54 secs,5.96,0.52,0.87,0.43,0,0.43,0.43,0.87,0.43,1.3,0,0.65,0
180,2018672,2,17 mins 12 secs,8.09,0.7,0.87,0.43,0.43,0.43,0.43,0.87,0.43,1.74,0.43,0.43,0.87
181,2218682,2,14 mins 22 secs,8.17,0.35,0.87,0.43,0,0.43,0.43,0.87,0.43,1.74,0.43,0,2.17
182,2381365,5,13 mins 11 secs,8.7,0.87,0.87,0.43,0.43,0.43,0.43,0.87,0.43,0.65,0.43,0.65,2.17
183,2300685,1,36 mins 39 secs,2.61,0,0.43,0.43,0,0,0,0.22,0,0.65,0,0.43,0.43
184,2381365,6,14 days 23 hours,7.04,0.52,0.87,0.43,0.43,0,0.43,0.87,0.43,1.09,0.43,0.65,0.87
185,2816679,2,33 mins 11 secs,7.26,0.52,0.87,0.43,0.43,0,0.43,0.65,0.43,0.87,0,0.43,2.17
186,2341865,3,22 mins 21 secs,8.48,0.87,0.87,0.43,0.43,0.43,0.43,0.65,0.43,1.74,0.43,0.43,1.3
187,3222967,1,34 mins 43 secs,5.61,0.17,0,0.43,0.43,0,0.43,0.22,0.43,1.3,0.43,0,1.74
188,2014679,2,17 mins 46 secs,9.39,0.7,0.87,0.43,0.43,0.43,0.43,0.87,0.43,1.74,0.43,0.87,1.74
189,2382967,3,23 mins 10 secs,9.57,0.87,0.87,0.43,0.43,0.43,0.43,0.87,0.43,1.74,0.43,0.43,2.17
190,2200679,2,10 mins 24 secs,7.83,0.87,0.87,0.43,0.43,0.43,0.43,0.87,0.43,1.74,0.43,0.87,0
191,2341665,1,2 hours 23 mins,2.78,0.17,0,0.43,0,0,0.43,0,0,1.3,0,0.43,0
192,1014676,4,20 mins 36 secs,6.43,0.35,0.43,0.43,0,0.43,0,0.87,0,0.87,0,0.87,2.17
193,2110679,3,13 mins 15 secs,9.04,0.35,0.87,0.43,0.43,0.43,0.43,0.87,0.43,1.74,0.43,0.87,1.74
194,2311673,4,21 mins 47 secs,7.87,0.7,0.87,0.43,0.43,0,0.43,0.87,0.43,1.74,0,0.65,1.3
195,2300669,2,8 mins 15 secs,5,0,0.43,0.43,0.43,0,0.43,0.87,0.43,0.43,0,0.65,0.87
196,1416669,6,36 mins 17 secs,5.87,0.87,0.87,0.43,0.22,0.43,0.43,0.87,0,0.65,0,0.65,0.43
197,2381865,1,19 mins 5 secs,3.22,0.17,0.22,0.43,0,0,0,0.22,0,1.3,0,0,0.87
198,3306685,3,7 mins 8 secs,9.39,0.7,0.87,0.43,0.43,0.43,0.43,0.87,0.43,1.74,0.43,0.43,2.17
199,2381865,2,4 mins 52 secs,8.52,0.7,0.87,0.43,0.43,0.43,0.43,0.87,0.43,1.3,0.43,0,2.17
200,2017673,1,21 mins 2 secs,6.26,0.17,0.43,0.43,0,0,0,0.43,0.43,1.3,0.43,0.87,1.74
201,2301676,1,21 mins 1 sec,4.91,0.35,0.43,0.43,0,0.43,0,0.87,0,0,0,0.65,1.74
202,2291566,1,24 mins 59 secs,4.91,0.35,0,0.43,0,0,0,0.87,0,1.3,0,0.65,1.3
203,2341665,2,12 hours 8 mins,5.22,0.87,0.87,0.43,0.43,0.43,0.43,0.87,0,0.22,0,0.22,0.43
204,2107670,2,39 mins 14 secs,6.65,0.35,0.43,0.43,0.43,0.43,0.43,0.65,0.43,0.87,0,0.87,1.3
205,2721669,2,10 mins 35 secs,7.3,0.35,0.22,0.43,0.43,0.43,0.43,0.65,0.43,1.3,0,0.87,1.74
206,2305682,4,17 mins 6 secs,9.13,0.87,0.87,0.43,0.43,0.43,0.43,0.87,0.43,1.3,0.43,0.87,1.74
207,2108679,3,17 mins 3 secs,8.3,0.7,0.87,0.43,0.43,0,0.43,0.87,0.43,1.3,0.43,0.65,1.74
208,2811673,1,35 mins 34 secs,7.22,0.7,0.43,0.43,0,0,0.43,0.65,0.43,1.3,0,0.65,2.17
209,1404673,2,20 mins 55 secs,9.35,0.87,0.87,0.43,0.43,0.43,0.43,0.65,0.43,1.74,0.43,0.87,1.74
210,2017673,2,7 mins 41 secs,8.17,0.35,0.87,0.43,0.43,0,0.43,0.87,0.43,1.74,0.43,0.87,1.3
211,2393065,1,35 mins 24 secs,5.22,0,0.43,0.43,0,0.43,0.43,0.22,0,1.74,0,0.65,0.87
212,2811669,2,36 mins 21 secs,6.13,0.7,0.87,0,0,0.43,0.43,0.87,0.43,0.43,0,0.65,1.3
213,2202685,2,17 mins 13 secs,4.3,0.17,0.43,0.43,0,0.43,0.43,0.87,0,0.43,0,0.22,0.87
214,2393365,2,13 mins 1 sec,9.65,0.52,0.87,0.43,0.43,0.43,0.43,0.87,0.43,1.74,0.43,0.87,2.17
215,1321673,5,7 mins 18 secs,8.04,0.87,0.87,0.43,0.43,0.43,0.43,0.65,0.43,0.65,0.43,0.22,2.17
216,2321365,2,13 mins 47 secs,8.13,0.52,0.87,0.43,0.43,0.43,0.43,0.87,0.43,1.74,0.43,0.65,0.87
217,1321673,6,5 mins 18 secs,8.26,0.87,0.87,0.43,0.43,0.43,0.43,0.87,0.43,0.65,0.43,0.22,2.17
218,2200679,3,7 mins,8.52,0.7,0.87,0.43,0.43,0.43,0.43,0.87,0.43,1.74,0.43,0,1.74
219,2341365,4,5 mins 16 secs,9.83,0.7,0.87,0.43,0.43,0.43,0.43,0.87,0.43,1.74,0.43,0.87,2.17
220,2721669,3,10 mins 13 secs,9.78,0.87,0.87,0.43,0.43,0.43,0.43,0.87,0.43,1.74,0.43,0.65,2.17
221,2251265,3,23 mins 21 secs,8.91,0.87,0.87,0.43,0.43,0.43,0.43,0.87,0.43,0.87,0.43,0.65,2.17
222,2306679,3,12 mins 34 secs,9.04,0.35,0.87,0.43,0.43,0.43,0.43,0.65,0.43,1.74,0.43,0.65,2.17
223,1401679,2,23 mins 49 secs,7.17,0,0.87,0.43,0.43,0,0.43,0.87,0.43,0.87,0.43,0.65,1.74
224,2381865,3,20 mins 26 secs,8.3,0.7,0.87,0.43,0.43,0,0.43,0.65,0.43,0.87,0.43,0.87,2.17
225,2313683,2,23 mins 55 secs,7.43,0.7,0.43,0.43,0.43,0,0.43,0.65,0.43,1.3,0.43,0.87,1.3
226,2291566,2,16 mins 48 secs,7.91,0.52,0.43,0.43,0.43,0.43,0.43,0.65,0,1.3,0.43,0.65,2.17
227,2216669,3,13 mins 49 secs,9.13,0.87,0.22,0.43,0.43,0.43,0.43,0.87,0.43,1.74,0.43,0.65,2.17
228,1021672,1,13 mins 4 secs,6.26,0.17,0.87,0.43,0.43,0.43,0,0.22,0,1.3,0,0.65,1.74
229,2362965,2,5 mins 49 secs,7.48,0.52,0.87,0.43,0.43,0.43,0.43,0.87,0.43,0.43,0.43,0.87,1.3
230,2341365,5,6 mins 40 secs,9.57,0.87,0.87,0.43,0.43,0.43,0.43,0.87,0.43,1.3,0.43,0.87,2.17
231,2341465,4,14 mins 48 secs,7.17,0.87,0.87,0.43,0.43,0.43,0.43,0.87,0.43,1.09,0.43,0.87,0
232,2332665,4,37 mins 26 secs,3.87,0.17,0.87,0.43,0.43,0,0.43,0,0.43,0.65,0.43,0,0
233,3404673,1,10 mins 22 secs,3.43,0.17,0,0.43,0.22,0,0,0.65,0,0.43,0,0.22,1.3
234,2017673,3,4 mins 57 secs,9.48,0.35,0.87,0.43,0.43,0.43,0.43,0.87,0.43,1.74,0.43,0.87,2.17
235,2214669,2,11 mins,7.91,0.52,0.87,0.43,0.22,0.43,0.43,0.87,0.43,1.09,0,0.43,2.17
236,2200679,4,70 days 3 hours,9.57,0.87,0.87,0.43,0.43,0.43,0.43,0.87,0,1.74,0.43,0.87,2.17
237,2718674,2,20 mins 29 secs,8.48,0.87,0.87,0.43,0.43,0.43,0.43,0.87,0.43,0.87,0,0.65,2.17
238,1406679,3,9 mins 42 secs,5.83,0.17,0.87,0.43,0,0,0.43,0.65,0.43,1.09,0.43,0,1.3
239,2381365,7,10 mins 55 secs,9.57,0.87,0.87,0.43,0.43,0.43,0.43,0.87,0.43,1.52,0.43,0.65,2.17
240,2021673,3,1 hour 13 mins,9.83,0.7,0.87,0.43,0.43,0.43,0.43,0.87,0.43,1.74,0.43,0.87,2.17
241,2381365,8,21 mins 34 secs,8.17,0.35,0.87,0.43,0.43,0.43,0.43,0.87,0.43,1.52,0.43,0.65,1.3
242,2805673,3,59 mins 10 secs,7.65,0.7,0.43,0.43,0.43,0,0,0.87,0,1.74,0.43,0.87,1.74
243,2811669,3,35 mins 58 secs,7.74,0.35,0.87,0.43,0.22,0.43,0.43,0.65,0.43,1.74,0.43,0.87,0.87
244,2313065,4,9 mins 57 secs,8.91,0.87,0.87,0.43,0.43,0.43,0,0.87,0.43,1.74,0.43,0.65,1.74
245,1416669,7,31 mins 56 secs,4.61,0.7,0.43,0.43,0.43,0,0.43,0.87,0,0,0,0.43,0.87
246,2105679,1,27 mins 36 secs,5.67,0.35,0.87,0.43,0.33,0,0.43,0.65,0,1.3,0,0.43,0.87
247,2313065,5,8 mins 2 secs,8.3,0.7,0.87,0.43,0.43,0.43,0.43,0.87,0.43,1.3,0.43,0.65,1.3
248,2304679,4,12 mins 48 secs,8.13,0.52,0.87,0.43,0.43,0,0,0.87,0,1.74,0.43,0.65,2.17
249,2021673,4,16 mins 57 secs,9.57,0.87,0.87,0.43,0.43,0.43,0,0.87,0.43,1.74,0.43,0.87,2.17
250,2362965,3,6 hours 52 mins,8.74,0.7,0.22,0.43,0.43,0.43,0.43,0.43,0.43,1.74,0.43,0.87,2.17
251,2321365,3,11 mins 16 secs,9,0.52,0.87,0.43,0.43,0.43,0.43,0.87,0.43,1.74,0.43,0.65,1.74
252,2393365,3,2 hours 52 mins,8.74,0.7,0.87,0.43,0.43,0.43,0.43,0.87,0.43,1.74,0.43,0.65,1.3
253,2292865,5,29 mins 45 secs,5.46,0.35,0.87,0,0.11,0,0.43,0.87,0.43,1.3,0.43,0.65,0
254,2292865,6,15 mins 41 secs,9.61,0.7,0.87,0.43,0.43,0.43,0.43,0.87,0.43,1.74,0.43,0.65,2.17
255,2343365,5,29 mins 42 secs,9.48,0.35,0.87,0.43,0.43,0.43,0.43,0.87,0.43,1.74,0.43,0.87,2.17
256,2292865,7,3 mins 19 secs,8.7,0.87,0.87,0.43,0.43,0.43,0.43,0.87,0.43,1.3,0.43,0.87,1.3
257,2381365,9,12 mins 10 secs,7.09,0.35,0.87,0.43,0.43,0.43,0.43,0.87,0.43,0.65,0.43,0.43,1.3
258,2210679,1,22 mins 48 secs,8.7,0.87,0.87,0.43,0,0.43,0.43,0.87,0.43,1.74,0,0.87,1.74
